{
  "augsburg-ferox": "Augsburg Ferox",
  "bad-nauheim-devils": "Bad Nauheim Devils",
  "bremerhaven-trident": "Bremerhaven Trident",
  "duesseldorf-aurora": "Düsseldorf Aurora",
  "frankfurt-core": "Frankfurt Core",
  "iserlohn-miners": "Iserlohn Miners",
  "kassel-zenit": "Kassel Zenit",
  "koeln-blitzhaie": "Köln Blitzhaie",
  "krefeld-kernschlag": "Krefeld Kernschlag",
  "landshut-lichtkern": "Landshut Lichtkern",
  "mannheim-ventus": "Mannheim Ventus",
  "muenchen-fluxbullen": "München Fluxbullen",
  "novadelta-panther": "Novadelta Panther",
  "nuernberg-eistiger": "Nürnberg Eistiger",
  "ravensburg-zenit-falken": "Zenit Falken",
  "regensburg-pulse": "Regensburg Pulse",
  "schwenningen-sturmfluegel": "Sturmflügel",
  "straubing-forest-tigers": "Forest Tigers",
  "whiteout-berlin": "Whiteout Berlin",
  "wolfsburg-voltsturm": "Wolfsburg Voltsturm"
}
